1,RODNEY Adam R.,,,,,
2,EWART Jr. Stephen P.,,,,,
3,HOYLE Jacob C.,,,,,
3,SIMMONS Ariel (Ari) J.,,,,,
5,KAULL James T.,,,,,
6,THOMPSON Soren,,,,,
7,ELASHRY Zeyad A.,,,,,
8,BRATTON Benjamin E.,,,,,
9,PISKOVATSKOV Anton,,,,,
10,PISKOVATSKOV Jonathan (Yonik),,,,,
11,SCHUMACHER Cooper J.,,,,,
12,KRAFT Dennis A.,,,,,
13,FAYEZ Ayman A.,,,,,
14,SHERRILL Edward (Teddy) R.,,,,,
15,SHINDLER Oliver P.,,,,,
16,ELGEZIRY Omar,,,,,
17,CANAUX Gabriel A.,,,,,
18,ELSAYED Ahmed,,,,,
19,KOCH Samuel,,,,,
20,STRONG Sean T.,,,,,
21,VAG-URMINSKY Paul F.,,,,,
22,BISSINGER Michael P.,,,,,
23,FAYEZ Sherif,,,,,
24,YERGLER Jonathan A.,,,,,
25,VOLKMANN Daniel R.,,,,,
26,HADZIC Alen,,,,,
27,TOLKACHEV Denis,,,,,
28,WILSON Sean H.,,,,,
29,GUINAN Joseph,,,,,
30,MOORE Shomari A.,,,,,
31,KIM Dylan K.,,,,,
32,SMOAK Omari Z.,,,,,
33,NOLLNER Dylan,,,,,
34,LOMBARDO Theodore (Teddy),,,,,
35,MECKE Cedric,,,,,
36,ISRAELIAN Marat,,,,,
37,LEE Woosuk,,,,,
38,KRAVITZ Zach J.,,,,,
39,ZAGORUIKO Ivan,,,,,
40,HOUSE Alex W.,,,,,
41,SANTOS Cameron A.,,,,,
42T,FRANK Timmy,,,,,
42T,THEIN-SANDLER Adrien (Adi) M.,,,,,
44T,KUMASHI Mihir R.,,,,,
44T,SANDERS Ian W.,,,,,
46,ZHAO Howard,,,,,
47,TEMIRYAEV Alan L.,,,,,
48,JOHNSON Wesley (Wes) R.,,,,,
49,COMES Matthew J.,,,,,
50,HONDOR Robert D.,,,,,
51,CHMUT Anton,,,,,
52,MAISONET Hector,,,,,
53,VAYSBERG Nathan,,,,,
54,WEISS Lewis E.,,,,,
55,HADDAD Justin R.,,,,,
56,BUCKLEY Michael,,,,,
57T,ARLINGTON Nicholas J.,,,,,
57T,YOO Justin H.,,,,,
59,POST Jason,,,,,
60,GRIFFITHS Ryan,,,,,
61,NORTH Gary S.,,,,,
62T,TSINIS Alexander E.,,,,,
62T,MERCHANT Reza H.,,,,,
64,GATES Darcy C.,,,,,
65,SZAPARY Tristan B.,,,,,
66,BEKKER Samuel,,,,,
67T,COLE Joshua R.,,,,,
67T,GRAMS Steven,,,,,
69,VINNITCHOUK Ted,,,,,
70,FISHLER Clifford,,,,,
71,MUN Michael K.,,,,,
72,NOWAK Jakub P.,,,,,
73,ZELLER Zachary A.,,,,,
74,SHELANSKI Isaac,,,,,
75T,WHITE Sean,,,,,
75T,CROTCHETT Kaiden R.,,,,,
77,MADISON Ethan S.,,,,,
78T,ZHU Wilson,,,,,
78T,RAYLE Evan K.,,,,,
80,FRENCH Dylan,,,,,
81,KAMBESELES Peter G.,,,,,
82,HANSEN Jonas B.,,,,,
83,CAMPBELL Daniel R.,,,,,
84,TABLEMAN Doug S.,,,,,
85,RAMIREZ Yeisser,,,,,
86,COLE Elias R.,,,,,
87,BENACK Steven M.,,,,,
88,SPITERI Gareth J.,,,,,
89,ZACHARAKIS Darius K.,,,,,
90,MANDOKI Sandor I.,,,,,
91,LIVERANT Skyler J.,,,,,
92,SMITH Justin C.,,,,,
93T,SALLEMBIEN Nicolas H.,,,,,
93T,CHO Jonah E.,,,,,
95,MAISEL Simon F.,,,,,
96,MALLETTE Cole L.,,,,,
97,WOLF Myles J.,,,,,
98T,LI Jason Man Kit,,,,,
98T,PHILIPPINE Thibault N.,,,,,
100,MATVEEV Valentin S.,,,,,
101,KANG Michael H.,,,,,
102,MILLER Finn S.,,,,,
103,CARPENTER Liam,,,,,
104T,LEE Andrew O.,,,,,
104T,WEISS Miles J.,,,,,
104T,MILAM Hugh,,,,,
107,YU Colin,,,,,
108,MACZIK Adam W.,,,,,
109,CHENG Zachary K.,,,,,
110,MCGINNIS Aidan K.,,,,,
111,SMITH Dwight,,,,,
112,MUNLIN Donovan,,,,,
113,ANTEKEIER Aidan C.,,,,,
114T,BAKER Kevin G.,,,,,
114T,BRADFORD Jack M.,,,,,
116,HAN Matthew,,,,,
117,BOYCE Samuel H.,,,,,
118,WIEDER Benjamin (Ben) J.,,,,,
119,DE GUZMAN Inaki P.,,,,,
120T,KOZLOWSKI Matthew K.,,,,,
120T,MOOSEKIAN Stafford,,,,,
122T,JONES Simon A.,,,,,
122T,LEE Ryan,,,,,
124,IVE Isaac L.,,,,,
125,Fencer Excluded,,,,,
126,SHIFRON Daniel A.,,,,,
127,EDWARDS Ethan S.,,,,,
128,HILBERT Xavier,,,,,
129,CONNOR Ryan T.,,,,,
130,PICARD Christopher (Chris) W.,,,,,
131,DINKINS Ramadan,,,,,
132,LEVY Zachari I.,,,,,
133,KIMATIAN Harrison J.,,,,,
134,SPIER Julian H.,,,,,
135,MALIASSOV Nikita S.,,,,,
136,ANA Ionut (Johnny) A.,,,,,
137,CORBAN Michael Y.,,,,,
138,RA Jr. Daniel M.,,,,,
139,ARIETA Ryan T.,,,,,
140,LI Jesse,,,,,
141,GHAZALEH Thomas Xavier,,,,,
142,SHIN Joshua,,,,,
143,SMITH William K.,,,,,
144,LAURON Sean M.,,,,,
145,ZACHARAKIS Demetri K.,,,,,
146,SHINHOLSTER Michael J.,,,,,
147,MECHKOV Iliya,,,,,
148,CULPEPPER John (JR) R.,,,,,
149,MA Ark,,,,,
150,SITBON-TAYLOR Noe B.,,,,,
151,KIM Juni C.,,,,,
152,TAFOYA Devin D.,,,,,
153,NGUYEN Ethan D.,,,,,
154T,SANCHEZ Lorenzo J.,,,,,
154T,SYED Saif M.,,,,,
156,WOZNIAK Sebastian,,,,,
157,KAMBESELES Jack M.,,,,,
158,LEVITT Nicholas M.,,,,,
159,LEE Timothy S.,,,,,
160,ZHENG Hagen,,,,,
161,ZHANG Eric,,,,,
162,MCINTYRE Gregory R.,,,,,
163,WANG Nathan,,,,,
164,MELCHER Jack H.,,,,,
165,PROCTOR Oliver L.,,,,,
166,MAYER Vinzenz,,,,,
167,SINAI Nathan G.,,,,,
168,BROUGHTON Josiah W.,,,,,
169,DOLGONOS Mark,,,,,
170,SHUSTER Joshua,,,,,
171,LEIGH David A.,,,,,
172,SNYDER IV William B.,,,,,
173,GERAGHTY Michael P.,,,,,
174,SHUR Yakov C.,,,,,
175,DOSS David A.,,,,,
176,ZHANG Joshua,,,,,
177T,WALKER IV Weymouth D.,,,,,
177T,MALDONADO Julian A.,,,,,
179T,KIM Ethan J.,,,,,
179T,YAN yuheng,,,,,
181,CARVALHO Daniel S.,,,,,
182,SZABO Benedek H.,,,,,
183,SEABURY Maxwell G.,,,,,
184,KIM Ethan S.,,,,,
185,SHIN Sung,,,,,
186,LEE Aaron Y.,,,,,
187,WHITE Khristopher E.,,,,,
188,BRENNAN Charles F.,,,,,
189,ZHANG William,,,,,
190,CORDIE David R.,,,,,
191,AITKEN Andrew W.,,,,,
192,HSING Lucas W.,,,,,
193,MARAKOV Allen B.,,,,,
194,NEU Matthew B.,,,,,
195T,CANDREVA Hunter R.,,,,,
195T,MASON Alexander T.,,,,,
197,VERNACHIO Anthony,,,,,
198,ELLIS Yehia S.,,,,,
199,MALYSZ Anthony J.,,,,,
200,STOTT Donovan R.,,,,,
201,OH Kevin Y.,,,,,
202,WOZNIAK David,,,,,
203,WEISSMAN Kai E.,,,,,
204,REID Avo,,,,,
205,GAIDAR Daniel B.,,,,,
206,DANZIG Jacob S.,,,,,
207,NIEBERGALL Colin G.,,,,,
208,NG Alexander M.,,,,,
209,LUNDBORG Jr. Tad C.,,,,,
210T,MCCHESNEY Colin J.,,,,,
210T,ALVIOR Joshua Aethan B.,,,,,
210T,BODON Michele I.,,,,,
213T,LENDER David,,,,,
213T,KUSHNERIK Ethan,,,,,
215,LIANG Aaron,,,,,
216,MOGILEVICH Michael,,,,,
217,PHILIPPINE Matthias A.,,,,,
218,FREIMAN Samuel (Sam) E.,,,,,
219,TOPAZ Nicholas,,,,,
220,FEINBERG Gabriel M.,,,,,
221,DAVIES Morgan,,,,,
222,MCKINLEY Liam K.,,,,,
223,ALAIMO Charles,,,,,
224,TAE William G.,,,,,
225,LIM Timothy D.,,,,,
226,JIA Chengming J.,,,,,
227,SUVOROV Yuly,,,,,
228,AL-TAYEB Ahmed M.,,,,,
229,CULLEN Daniel F.,,,,,
230T,JAYENDRA Chandrashekar,,,,,
230T,CORRALES Manuel F.,,,,,
232,BEACH Nicholas,,,,,
233,KEHOE James E.,,,,,
234,HUEMER Jackson D.,,,,,
235,COTTER Alexander J.,,,,,
236T,LEI Joshua,,,,,
236T,XU Zitong (Evan),,,,,
238,PAOLINI Nathan R.,,,,,
239,ALI Adam,,,,,
240,XIAN Riley,,,,,
241T,BRUNET Nathan,,,,,
241T,ALTHARDT Michael W.,,,,,
243,SHORT Salim (Sal) A.,,,,,
244T,DRAKE Owen G.,,,,,
244T,REPP Andrew J.,,,,,
246T,REINER Julius J.,,,,,
246T,FULLER George K.,,,,,
248,COLE Wyatt M.,,,,,
249,ROGAK Benjamin A.,,,,,
250,SHUGART Henry R.,,,,,
251,YOON Sungho,,,,,
252,DEPIES Nick,,,,,
253,BURKE Matthew C.,,,,,
254,WATRALL Rick,,,,,
255,VERMEULE Spencer,,,,,
256,DAO Matthew M.,,,,,
257T,HUGHES Levi H.,,,,,
257T,HAYENGA Gary M.,,,,,
259,YOON Nathan,,,,,
260,INSLER Gabriel C.,,,,,
261,LEE Tobias (Toby) T.,,,,,
262T,RANDLES Theo K.,,,,,
262T,VISURAKAPALLI Sathvik,,,,,
264T,JEONG Connor,,,,,
264T,COMER Daniel T.,,,,,
264T,SHAFAIE Ali,,,,,
267,CHILANA Savitoz (Savi),,,,,
268T,GASPAROVICH IV George M.,,,,,
268T,IVAKIMOV Vasil,,,,,
270,NOLL Mischa (michael),,,,,
271T,BRADLEY Noah W.,,,,,
271T,KONERT Alex T.,,,,,
271T,RIBAUDO David J.,,,,,
271T,GUO Austin S.,,,,,
271T,SHARMA Sanil,,,,,
271T,ROY Joseph T.,,,,,
277T,SIDEWATER Matthew,,,,,
277T,KOKENGE Clark,,,,,
279,DALY Conor,,,,,
280,MCDERMOTT Brian,,,,,
281,BLYTH Jourdain L.,,,,,
282,SWANSON Dave,,,,,
283,DEO Ameya,,,,,
284,KRIEGISCH Jacob A.,,,,,
285,CONKLIN Jim,,,,,
286,RUSSANOV Boris J.,,,,,
287,MU Lejia,,,,,
288,GREEN Jake L.,,,,,
289,CORRALES Nikolas,,,,,
290,KIM Derek D.,,,,,
291,TIERNEY Luke,,,,,
292,GIBSON Nowell L.,,,,,
293,CRASWELL Andrew J.,,,,,
294,LOCASALE Nicholas A.,,,,,